name,lastName,idNum,IdType,telephone,address
Lorraine,Fante,851654150,1,4490830432,Texas
Catlin,Rosetti,2775434045,2,6451903566,Florida
Jack,Jeannel,5492282204,1,8265059809,Ohio
Marion,Harcus,1878800469,2,8090732992,Virginia
Horst,Breckenridge,9904116466,3,4044844070,Tennessee
Pacorro,Serrell,3454594030,4,7264421430,Kentucky
Trula,Rust,6764052824,2,1762364093,California
Dell,Stocker,2140933443,1,8375900435,Massachusetts
Lela,Heersma,8125751106,1,9006511250,Louisiana
Colene,O'Cahill,3490570146,1,3141053308,Michigan
Lennie,Masterton,1827950072,1,440900662,California
Edi,Reucastle,3251317458,2,9790681178,Michigan
Teddy,Kender,6432163269,1,3880329060,Florida
Wendy,McSweeney,3276172364,3,1629065315,California
Antoinette,Skoate,8004622208,1,7708238293,Georgia
Johnna,Pickard,887775543,2,2107284326,Massachusetts
Arlin,Attwell,8516899918,4,3345705893,Georgia
Sergeant,Cloake,2958352528,2,5251207093,New York
Wilbert,Ksandra,1787006301,2,5663306080,Kentucky
Pincas,Carlet,1328279081,4,3437981919,Michigan
Kala,Schoffel,3839492394,1,6419643740,District of Columbia
Lilah,Cudbird,3128040176,1,9376024516,New York
Helli,Scruby,5374548360,4,8519390498,Ohio
Lorenza,Geyton,5676951524,2,4224232596,Indiana
Berkeley,Handling,1633614085,3,4708360886,Idaho
Fair,Tuhy,9908550314,2,1537087304,California
Randie,Shuard,1727099885,1,1861525052,Pennsylvania
Corey,Dungey,3866490534,1,1658333535,California
Ignace,Ragbourn,43082688,3,5229847999,Ohio
Carrissa,Lea,5414361215,1,8872302730,Kentucky
Zachery,Witson,1304705501,3,2307940235,Texas
Dennis,Dungay,5069305980,4,7876939260,Texas
Heath,Adlam,3425481371,4,2605859487,Michigan
Merralee,Kitteringham,3471187812,1,5760241125,Virginia
Kendal,Fittis,3748949006,4,5798137856,Ohio
Leeann,Lynnitt,363728953,4,2270778944,Virginia
Rina,Klich,9606862976,2,4283472301,Alabama
Carmelia,Hawsby,7614737253,4,2863256963,Colorado
Ranice,Summerfield,5108562438,2,9218766635,California
Becki,Miklem,9264966269,1,1658440676,West Virginia
Pavel,Cockin,4020354030,3,6876837122,California
Cindelyn,Strathern,1653448814,3,8800887015,Connecticut
Francesca,Le Leu,6440251732,1,2718596856,Texas
Donavon,Gooddie,1551694824,1,5252682240,Georgia
Ado,Schottli,4475823528,2,5052994575,Nevada
Faith,Coley,6523254836,3,6139352665,Texas
Ilse,Cargon,3650265672,1,1799502376,Texas
Cesaro,Boothman,9292652354,1,1495290689,Oklahoma
Louise,MacSwayde,3093121620,4,180009532,New York
El,Sargerson,7312058027,3,5231829358,Texas
Alana,Booij,749266120,4,4277454208,Nevada
Rubi,Melbury,384668496,4,3724673795,Iowa
Chickie,Remington,8225282221,3,1313622583,California
Ely,Presslee,8661971160,4,4838713754,Arizona
Verna,Sartin,7352754520,3,3920373421,Texas
Tore,Chidwick,7051884212,4,3635843032,Minnesota
Otho,Lethem,6276334898,4,4940549674,Washington
Tannie,Ranshaw,4818749265,3,8845498514,California
Bondy,Helbeck,3179505893,2,1164686526,California
Yurik,Paszak,4403873111,3,466889836,North Carolina
Ted,Beldum,9393730016,4,3463600196,Nebraska
Rosalind,Orfeur,9658396542,4,3918570851,Florida
Stephenie,Lasseter,5073583582,2,1893614980,Michigan
Corey,Ranscome,2010223381,3,9319745234,Florida
Theodor,Marie,2614634662,1,4881564862,Virginia
Joseito,Glentz,1264301472,4,4026508471,Washington
Bogart,MacNockater,117567701,2,7193553925,Oklahoma
Georges,Loveland,8645525496,3,334215145,Washington
Paulie,Bester,4189855790,4,3554952915,New Jersey
Eadmund,Morewood,709616813,1,7622965626,Nevada
Windy,Shilburne,3739172371,3,9485866372,Michigan
Holli,Dobbins,440430801,2,4243478538,Ohio
Hadleigh,Gregoli,3789308234,2,7326765472,Texas
Everett,Hillyatt,6036129254,1,9667008401,Texas
Tera,Ferreira,5437142897,2,3788536586,New York
Hermie,Southway,6585774779,1,4058637722,Oklahoma
Hasty,McDonough,5327033457,1,8044452761,Oklahoma
Hartley,Tolossi,5002320155,2,1790219760,Texas
Cortney,Bellingham,7261651486,3,6939184619,Georgia
Tamarah,Bevis,2968353810,1,8396187509,Washington
Francine,Andrzejak,6276513210,3,1791931286,Virginia
Jeddy,Lowman,3696298662,2,1615593675,Connecticut
Desmond,Tubb,1257217100,1,2619594308,California
Fenelia,Bryning,5435673631,3,1036613836,California
Simmonds,Brogan,6297702586,1,5167436605,Indiana
Susannah,Sammonds,3373526876,1,2228741744,California
Vin,Molyneux,3010369115,2,9516810535,Indiana
Jennilee,Parkes,6612819111,4,9789216483,Alabama
Alisander,Cottom,1432420437,1,9014675003,Virginia
Vail,Wike,1843347008,3,2160806358,Texas
Earvin,Teager,3941603655,1,1810970563,Minnesota
Nathanil,MacLennan,2803109018,1,2542486751,Oklahoma
Silva,Devigne,6917116947,2,8005817584,Texas
Archibold,Duiguid,1381982891,1,7023558179,Missouri
Thomasin,Milam,7059626301,3,3094619525,Texas
Eddy,Youngs,3304134956,3,6493193141,Georgia
Trip,Horder,6660797505,2,1981116222,New York
Ruby,Spoor,883826852,4,5678225154,Texas
Rusty,Duker,3605243916,2,9163076969,California
Malchy,Warbeys,2912525160,1,3037137851,Kansas
Alessandra,Rawdall,3746271290,1,6714585470,Delaware
Fredrika,Khrishtafovich,7628320619,3,8139207314,Minnesota
Crawford,Sellack,3183195232,2,3399231083,Nebraska
Hubert,Cadore,7298602144,4,6432952395,Texas
Waylan,Button,3946878997,1,3687541215,Ohio
Ami,Reicherz,1280099933,1,4337250255,Louisiana
Nero,Seville,9863716898,1,2228641278,California
Domeniga,Sabie,5382837309,3,265043808,Nevada
Miguelita,Fomichyov,8647776461,3,1145870635,California
Quinn,Stife,5873944180,1,4533824048,Georgia
Lela,Mompesson,8002301420,3,2520414898,Wisconsin
Trefor,Rickell,7308399710,1,2605912876,North Carolina
Jania,Borrington,5758966185,4,8808587959,Michigan
Travus,Leighfield,7306428489,1,9565524524,District of Columbia
Constance,Treffrey,1586033891,4,3497092290,Illinois
Grace,Scowcraft,5618572214,3,4658227789,Utah
Sasha,Peto,6167562903,1,7924924493,New York
Ellene,Ginn,939750813,1,7779205266,Virginia
Bobbette,Balog,9844612101,3,6037347794,Oklahoma
Corty,Constance,4930041732,1,4109351901,Kentucky
Kyle,Vail,1790943558,4,4684795691,Tennessee
Mahmud,McGeffen,820697761,2,7763599553,Indiana
Catie,Letessier,2029196525,4,200542265,Minnesota
Bentlee,Iacovaccio,9617327481,4,8790582683,Texas
Meir,Biaggetti,6904199695,3,4861060001,Rhode Island
Carolina,Woloschinski,203999215,2,4369295335,District of Columbia
Heinrik,Eldritt,9036577292,1,6739625808,Texas
Shelley,Matiebe,9612082456,3,7646908169,Colorado
Barnabe,Hadden,7077217108,4,6990280301,California
Wallas,Deakan,8909857951,4,7303759751,Ohio
Winifield,Danilovic,7203137864,2,9649189009,Kansas
Devland,Brockelsby,6382181390,4,5783753815,Pennsylvania
Ax,Castro,2662683864,2,6145022736,Kentucky
Rhody,Tyrone,1454566892,4,5279913626,California
Glenn,Mearns,6427183060,1,3345016052,Colorado
Beltran,Edlyne,9666533790,4,9708949566,Ohio
Parrnell,Goodie,2105350410,4,5768351965,Nebraska
Illa,Frentz,8363714968,4,2442816539,Florida
Cristabel,Baumadier,5522661100,1,9203605495,Missouri
Delmor,Fenners,7456283419,3,7724977607,Texas
Alejandrina,Ruthen,587535679,3,3153430640,Texas
Rory,Bonaire,2420672283,4,2270996151,Arkansas
Prince,Menichi,3263180940,1,8356955378,Arizona
Richie,Antonoyev,9515762499,4,1875255990,New Mexico
Bart,Weighell,9917949895,4,8635854748,Louisiana
Jack,Cliff,3260799672,3,9371372028,Kentucky
Lelia,Nana,8347080682,4,1279302550,Michigan
Sisile,Falvey,9859878439,2,3567022733,Illinois
Romonda,Cowle,1501726277,1,2912069270,Arkansas
Otto,Pristnor,5985825264,2,6309058827,Minnesota
Michel,Tolemache,7897176584,4,6882596654,Michigan
Izzy,Shipp,6564662335,4,9175465655,Illinois
Normand,Lygoe,2342382537,1,8944230196,Illinois
Geri,Belsham,2332027971,2,7969934110,South Carolina
Catlee,Setterthwait,650312740,2,1685969488,Ohio
Brett,Caswell,9849422068,3,2802713388,Florida
Winifield,Fright,7509550092,1,9079053996,Louisiana
Haywood,Pass,1886791279,2,6694094078,Ohio
Griffie,Gotmann,9634658857,4,9038998333,Florida
Colver,Meachan,2198311771,2,1615673466,Tennessee
Clifford,Graser,5947174332,1,8873860737,North Carolina
Daffie,Stuckes,2739696698,1,5807892437,California
Wally,McCathay,480258848,4,2063599939,Ohio
Ailey,Lisamore,343910241,4,523946856,Texas
Talbert,Cuolahan,541955608,1,7224847429,Mississippi
Cecilla,Broadley,3406311121,2,8091154747,Utah
Polly,Bassick,1612345662,4,6214737409,Michigan
Guilbert,Hiscocks,3876471613,2,7075504835,New York
Rafa,Gounod,115887121,1,2478018640,District of Columbia
Engracia,Wingham,2247964656,4,1269019945,Nevada
Olivero,Blabber,1783549068,3,417160844,Kentucky
Darla,Shortell,4750556815,1,2200770391,New York
Seumas,Wetherhead,7294547629,3,8287482011,South Carolina
Issiah,Stillmann,2658831498,3,7156107666,Oregon
Winnah,Prosser,90506235,3,7820956267,Kentucky
Addie,Robberts,7587567666,4,3973178143,North Carolina
Lois,Matthewman,7279608396,4,9360371882,Texas
Hillier,Wisher,4316421956,3,4268294783,District of Columbia
Wyatt,Rudsdale,6884276231,4,76987086,Georgia
Jedidiah,McNess,1258717131,3,3712645538,California
Dorian,Welbelove,8817531677,4,1920058796,Texas
Harriot,Whorf,8312891331,4,4081164673,Colorado
Marilee,Delieu,1993942963,3,9204003618,California
Myrilla,Niesel,3062200693,3,1032268840,Florida
Edi,Di Bernardo,7793124065,1,4536404007,Pennsylvania
Federica,Madgett,6646910421,2,383184886,Indiana
Zora,Currie,2477312154,3,7656912770,Maryland
Sayres,Salisbury,4883065871,1,5011563979,Indiana
Elfrida,Lisciandri,8005134215,2,8003880378,California
Amerigo,Dofty,9719093145,3,7323925096,Missouri
Rhody,Fursey,5686652376,3,6354409692,Florida
Leticia,Blackwell,7896003856,3,7445623035,Ohio
Sonnnie,Goodayle,6407268974,3,5125423467,Louisiana
Rogers,Benwell,8040782945,2,8264602703,Texas
Hodge,Lamdin,6411769273,4,4375067233,California
Lotty,Porcas,7944316022,4,4461207471,Nebraska
Paco,Smissen,732599253,1,1180587375,California
Revkah,Roderighi,8043895775,3,5019172065,District of Columbia
Hermione,Aiskovitch,6545749153,4,8135923007,Minnesota
Dirk,Leddy,3489161491,1,584173482,California
Todd,Gruszczak,8057189592,3,2247616887,Kentucky
Karyn,Dussy,313229805,3,9236179576,New York
Darbee,Sugars,2082326705,1,1683163850,New Mexico
Hestia,Calderon,5131433142,3,3184117863,New York
Ileane,Lynett,7469058710,2,6147433601,Delaware
Cosimo,Hasling,2381837418,3,2774541026,Pennsylvania
Hallie,Harrop,2755785411,3,9125900846,Georgia
Jud,Brookhouse,4086917475,4,2615412159,Florida
Erv,Witard,2518409246,1,3350225853,Massachusetts
Francisco,Florio,6148392437,2,6267874516,District of Columbia
Zach,Worcester,2034758498,1,5229262117,Virginia
Earvin,Larver,6925821247,4,6985645526,California
Rodolph,Oman,5654807994,3,5694379527,Idaho
Arthur,Truswell,7611840355,2,5730652275,Utah
Deedee,Marcu,6673134666,4,3034686595,Colorado
Abigale,Beynkn,4014344673,3,4293093966,California
Charis,Jan,2996363973,3,8158048137,New York
Inglis,Trevillion,3224062371,3,4467193189,Missouri
Thomas,Tarzey,5955573275,1,4706370558,Illinois
Dorthy,Yoskowitz,6366497184,1,9063628900,Texas
Anderea,Aronin,853907447,4,636249816,Wisconsin
Chaddie,Le Houx,9950200431,3,3148393562,Arizona
Katerina,O' Mullane,9276237194,4,9472934498,New York
Cynde,Mohun,4609020025,4,3725646392,California
Kimmi,Chable,7057432771,1,6101043266,Alaska
Arturo,Conville,2465247263,1,2871202796,District of Columbia
Brien,Ackhurst,8579402239,3,553218913,Florida
Gabby,Whitford,9116683951,3,687514649,Colorado
Angel,Woollends,1035168472,4,3687858316,West Virginia
Faber,Juan,6575896324,1,1217484140,California
Mac,Hunsworth,562755632,3,5059271072,Texas
Cazzie,Grimsdike,8137981101,2,6008428153,Alabama
Arlie,Elcome,9216008784,2,3301476058,Texas
Corry,Tames,6277106201,3,5291734906,Georgia
Raddy,Rigney,5673190484,4,3031401549,Nevada
Evelyn,Skeermer,1770165940,4,2359225928,Florida
Redford,Tulley,284175099,4,3287404199,Kentucky
Berk,Dyment,940599945,3,3915264024,Colorado
Oralee,Hawson,1417000392,1,5175673785,Missouri
Doug,Babb,9045958759,2,7997387897,Texas
Stanton,Farens,216673267,4,5651885706,California
Tan,Preene,7274023322,4,956631541,Minnesota
Claudell,Storch,4813353517,3,4443131205,Arizona
Elsey,Pycock,6389708920,2,9487354220,Texas
Ealasaid,Dearnly,642999333,2,8217175411,Connecticut
Hank,Moran,3029871967,1,7715568880,New York
Merrick,Tirrell,3847911333,1,7917825663,Texas
Janie,Hallibone,1893992136,4,3908671337,Texas
Kerrin,Whenham,8398719230,2,3363713371,Texas
Wilbert,Marquet,3609591269,1,9320473900,Pennsylvania
Leodora,Allardyce,6243023079,2,7270076405,California
Murry,Rea,386580529,2,9675363347,Utah
Joellen,Roark,8506240786,1,6922168488,Arkansas
Jacintha,Smeuin,334560284,4,1119189500,Utah
Kylila,Jarret,2529103119,4,6869608482,Pennsylvania
Trista,Sherston,77424379,4,7221246912,Oregon
Darlene,Bertouloume,253177154,1,3768740048,South Carolina
Helenka,Licari,9852717626,4,8167395383,Tennessee
Vladamir,Deluce,8872442109,4,9804641194,Illinois
Paula,Welband,6610483620,3,2225399883,South Carolina
Merci,Alexandrescu,2245489667,3,6066909347,Massachusetts
Liesa,Quenby,1130766705,3,7283516913,Texas
Jamaal,Hankin,3973113815,1,6918429930,New Hampshire
Giovanni,Kelleher,8525809926,1,2676106791,Kansas
Lotti,Cressar,1158910045,1,7352061576,Texas
Ray,O'Conor,9547107968,2,4828982302,Texas
Alick,Ramage,5632826953,3,3383476359,Florida
Rowney,Hanrahan,2945202344,4,7496405043,California
Marthe,Huard,9321407944,1,4204953735,Washington
Myranda,Aucock,8591462211,4,9075235887,Arizona
Anne-marie,Bradly,1499177453,2,9422670705,Florida
Penn,Aslott,929088158,4,4996709448,Illinois
Kennett,Bratton,6654702824,1,6756457683,District of Columbia
Germain,Lansley,631784330,3,4949298275,Minnesota
Mel,Myford,5981586117,4,3510575563,Maryland
Angelique,Haines,8376709097,2,7483603844,Utah
Puff,Chell,6995843010,3,8779614825,New York
Lise,Jeff,5420043033,4,3707902056,Nevada
Humfried,Abrahamsson,1277635447,1,4643024798,California
Rinaldo,Knappett,7052215217,3,3829001010,Connecticut
Anabel,Atthow,6671828865,4,9429137689,Florida
Kali,Roly,1762225255,2,2783624028,Florida
Fair,Klassmann,3466357179,2,5082087355,District of Columbia
Brett,Gillions,493520198,3,1322795886,California
Isidor,Ivanichev,4019913269,4,3911517394,Virginia
Grazia,Masding,1485289416,2,6061244339,Florida
Doralyn,Quarton,5224930170,4,2209942276,California
Harrison,Khristoforov,184062853,1,7170009617,Oregon
Koenraad,Houlworth,4422665391,3,7743565262,Minnesota
Cobbie,Petley,4718890330,2,1911143794,New York
Heida,Fassum,8569270410,3,265187311,District of Columbia
Pearle,Robun,7199328605,3,8596544704,Ohio
Fred,Nesfield,9843922484,2,7775430729,Oregon
Clifford,Boal,1575380986,1,6738699182,Kentucky
Andrus,Gilburt,4550950765,4,4098657058,California
Townsend,Cockerham,9225757158,3,5438301123,Arizona
Rem,Sainte Paul,2233720938,1,5765501400,California
Mureil,Bagguley,7179556920,1,3840402212,Virginia
Valeria,M'Chirrie,7811203227,1,955864887,Washington
Betteann,O' Lone,5135318240,1,1673610374,Texas
Lanie,Hamelyn,8775382776,1,9615572349,Arizona
Theadora,Arrandale,5357217165,2,9645348056,Connecticut
De witt,Dadd,4688489366,2,4085025627,New York
Theodoric,Coppledike,5639793457,3,5638835636,Texas
Salaidh,Brosoli,7404157404,4,6631646863,Texas
Vick,Baskeyfied,6128990487,3,1958297917,Texas
Denyse,McCartney,6362998081,3,9325946378,Ohio
Lauree,Jurs,3321857766,1,8756996950,Texas
Marjorie,Scottini,9139080978,2,2665472295,Ohio
Chas,Eggleton,4310376061,2,3421620253,District of Columbia
Amata,Brobeck,2109265159,2,8421274503,California
Doralia,Blowen,8093842748,2,9392260253,California
Tiffi,Yaakov,4052834070,1,9445247787,Indiana
Arline,Prangnell,3327285810,1,4372548532,Kansas
Graeme,Gipps,8995203757,4,5467723650,Florida
Lacee,Swannick,8888838694,3,787637718,Nebraska
Orlan,Adelberg,2342236395,4,8538130900,New York
Hurlee,Oliveto,7110070891,2,5229201940,California
Pace,Blann,4963786532,4,3041604973,Washington
Gerri,Umbers,4867812102,2,9178731348,Ohio
Julietta,Norgan,6276700584,4,6276726931,Alabama
Olva,Grosier,4783674469,4,3316271694,Wisconsin
Alisa,Bachmann,6415015400,4,7306194992,Florida
Deerdre,Briand,8850515243,3,6906352415,Arizona
Abigael,Wakeford,9314980936,3,41049500,Louisiana
Peyton,Brenstuhl,93773226,1,520683498,Florida
Bradford,Doog,2309562483,2,6134805130,New York
Kassandra,Henningham,6688746271,1,2419628802,Florida
Bryanty,Limbrick,7336114822,3,1658952308,Texas
Kimmie,Steed,7303254455,2,4891973137,Nevada
Gusti,Worsom,2865449874,1,8868883996,New York
Alfredo,Dryden,4841190341,1,2678576094,New York
Trevar,Charters,3067210948,2,5672786170,New York
Willetta,Betancourt,7396057884,2,9892284429,Illinois
Herbie,Salmon,4078969240,2,4167879409,District of Columbia
Kristian,Eneas,7527458496,2,4303434892,Ohio
Aksel,Reinard,1842570617,4,1226231071,New Jersey
Vale,Rosenblum,1733646337,3,1728331382,Mississippi
Fina,Sherbourne,7131028312,4,3843925712,California
Eirena,Deveril,7166522267,4,3201096229,Mississippi
Putnam,Middlemiss,8315637266,2,1150072938,Utah
Gilligan,Gainsborough,2252198931,3,3270122934,California
Margarita,Flemming,2335481770,4,9088414777,Minnesota
Gavra,Cruft,3958188230,4,7263835045,South Carolina
Alyce,Hubbis,9527947057,3,3611661937,Maryland
Caldwell,Dovidian,5060031594,2,7742761793,Florida
Nigel,Westbrook,7308659046,3,6709690652,Ohio
Cyrus,Stichall,1950399389,2,8057171987,Texas
Gino,Simmonds,7760062575,2,830621482,Florida
Bevon,Delue,9369152601,2,3209958416,Washington
Jamima,Willis,8563013122,1,8575170619,Florida
Seline,Ruddom,7811369613,3,18629466,Florida
Loydie,Glascott,4133320387,4,5268355163,Arizona
Matthieu,Caughtry,9766682097,4,6553438412,California
Mellicent,Exer,4220824324,1,4873183162,West Virginia
Lindy,Kinkead,4089427657,4,3836848635,Louisiana
Rosabel,McCallam,2614047813,1,2741045577,Washington
Kath,Candelin,5602238360,2,1714729834,Iowa
Evanne,Rew,5512397346,4,7975157317,Pennsylvania
Mattie,Spelling,6277110306,1,2582398683,Missouri
Wileen,Sharrem,7564274956,1,6078635131,California
Alyda,Thorburn,1459230264,1,6967751468,Virginia
Modestine,Cobden,3663634302,3,9441639435,Florida
Marilee,Beteriss,8919810257,1,7617255497,Oregon
Enoch,Gaines,6093654915,4,1800294603,Missouri
Brewer,Brickell,7107578340,4,265163013,Arizona
Codie,McKeowon,2247902677,2,899225454,Florida
Bryon,Fernandes,142482803,3,3183930145,Michigan
Maisie,Broomfield,6947941288,1,4878306513,New York
Wood,Sturgeon,8638608357,2,9734578170,District of Columbia
Goober,Synke,5647403581,2,7681641785,Georgia
Dennison,Anear,3467782019,2,2831118530,South Carolina
Baryram,Kellock,4965167007,3,1941202675,North Carolina
Celeste,Lauga,410908975,3,5826565411,Kentucky
Gram,Gaynes,5946630172,3,6962724535,District of Columbia
Alysa,Saben,4194658280,2,2635568790,Texas
Ben,Dubock,5737423530,1,846488965,California
Yard,Shury,6624492236,2,8856398796,Florida
Rod,Micklewicz,3244514731,2,578353431,New York
Sloan,Longworth,6378935203,3,4936302945,Illinois
Mariana,Heinz,6556005959,4,7582653718,New York
Ave,Hefforde,7479678363,1,6843686400,Wisconsin
Marlena,Josling,6573636465,1,1225709075,Alabama
Hendrika,Shellum,935533079,3,7487494624,Illinois
Omero,Ayllett,1822866626,1,7436178563,Arkansas
Gerick,Rowan,5872439091,1,982150768,Illinois
Linnell,Dawes,8860838703,2,8016287875,Ohio
Natividad,Brierton,9798607082,2,9811734984,Texas
Gordy,Pridden,7966284786,4,1512424943,Virginia
Tully,Curtiss,5248751292,3,6179468397,New Mexico
Erma,Keelin,1813014051,1,3879597987,California
Amye,Messent,8489538603,1,6504234280,California
Alexandro,Hemshall,3274452475,3,6052593970,Florida
Oren,Salzburg,1971792659,3,2324787733,New Mexico
Annie,Bozier,3123448517,3,9379568738,Virginia
Hollis,Milberry,8423362558,4,719363047,Florida
Ruth,Egel,600181391,3,3625771713,Texas
Forbes,Halcro,9190578341,2,5774393313,Washington
Cara,Aldine,5365929705,3,2403035823,Texas
Lionello,Gorman,6723553918,2,1732261660,Washington
Betsey,Castelow,2727526156,4,6299059338,Texas
Arnuad,Markovich,4075738329,4,1062217071,Massachusetts
Marybelle,Saddler,4896017870,4,119591669,Texas
Any,Vegas,6925040857,2,5696757596,Texas
Briggs,Mesias,7423713619,1,7779545857,Georgia
Doralia,Vick,273747096,2,8559794557,Texas
Nolly,Spittles,1985609975,4,87494450,Indiana
Ruy,Calliss,6004139785,3,3744347931,Washington
Andras,Wathell,3361930944,3,2588803849,District of Columbia
Booth,Pleass,7516341649,2,6802385767,Oklahoma
Ag,Woodier,9849236558,1,3958065732,Pennsylvania
Artus,Speer,402072170,1,9566645228,California
Beckie,Alsop,3472378913,1,8828564652,Pennsylvania
Dorice,Deason,416587992,3,5987134234,Texas
Joice,Mirando,1504915364,4,606756396,New York
Kettie,Cullington,951268791,1,1967280673,Texas
Adore,Hemstead,3404879635,2,5074292115,New York
Ingram,MacAlroy,9599988655,4,3804430236,Florida
Case,Holde,1560944331,4,3398385990,Texas
Maryanne,Benzies,6154213700,2,1399256181,Texas
Shelley,Kliment,1113328010,2,9186154834,Nevada
Amaleta,Vasyatkin,8441584915,2,5872236174,Tennessee
Shurwood,Eudall,8427943628,1,1803222883,Ohio
Alfred,Dalwood,1017718415,1,9932596868,Minnesota
Shel,Kirimaa,3672830070,2,8315170929,Louisiana
Nial,Rapsey,3259105115,3,9317568688,South Dakota
Joseito,Endley,1103658344,1,7494536663,North Carolina
Zorana,Berendsen,5542137148,1,8449860407,California
Westbrooke,Frostick,7199215126,3,9603873128,Texas
Adena,Mico,7375654352,2,354149059,Alabama
Thomasin,Nelm,9482497481,2,3217970713,Texas
Dayna,Abrahamovitz,2576763693,1,3888153123,Virginia
Trenna,Lumox,5122112959,1,2408396352,South Dakota
Sonni,Espadater,6252906417,2,2006736388,California
Philbert,Strethill,7560457029,1,1812981392,Georgia
Sibel,Hughill,2255145413,2,1421831171,California
Cordie,Tsarovic,6676338351,3,9411475280,California
Iolande,Dreini,3690589355,2,5233877287,Texas
Mollie,Monnoyer,7960270597,4,2937422241,Florida
Shaylyn,Phair,9837566604,2,4915830209,California
Kara,Heinsh,9608331358,4,3695279990,California
Chrissy,Kersey,6429719332,2,3176257228,Texas
Deana,Trenholm,4749229598,2,5917955751,Connecticut
Stephine,Guyonneau,2681401704,1,5551000508,Nebraska
Bennett,McKeaney,8251769078,1,1390194213,New York
Marlene,Becerra,6237959831,1,1662666462,North Carolina
Nissa,Kitcat,197682545,2,1192195213,Indiana
Silvie,Priestley,3724282869,2,1205740767,California
Glennis,Trayling,1603916296,4,3731124289,Florida
Shir,Densham,4577482924,2,598358978,Texas
Jo ann,Mateu,6493053935,3,2878744071,Virginia
James,Gresty,2381064745,4,6328205813,Texas
Lek,Lamdin,4958812679,3,5109674132,California
Olin,Djokic,3135818616,2,11637633,Utah
Harriot,Pickrill,8804210834,2,7851560446,Ohio
Maurice,Gooderick,4155362147,4,5881513193,California
Barnard,Worsfold,5638464778,4,5176687127,California
Kenton,Swinfen,8775079968,4,4903990834,Alabama
Shaylynn,Springall,4355916243,1,3674277042,Kansas
Fern,Spellesy,6955127942,3,9862908246,Alaska
Stanislas,Teaz,8206617639,4,9686316663,Nevada
Vitia,Suddick,8384226849,2,8764020193,Louisiana
Bondie,Dugald,5023627039,3,7836523411,Montana
Gary,Konmann,9274403860,2,8226599733,Florida
Tildi,Espin,5973335828,2,1452147973,North Carolina
Ignacio,Boshier,1877273864,3,5524332791,Michigan
Anders,Boxe,3377075712,2,2264935375,Connecticut
Lise,Kynoch,1349543330,4,9850020407,Illinois
Shirline,Spearman,5936288471,3,709003943,California
Tito,Matuszak,978756908,4,655036946,New York
Sholom,Kivits,1398405736,3,7129108533,California
Katy,Paula,6136648318,2,7233664587,Michigan
Neall,Lohmeyer,5817373262,1,5668993493,Iowa
Brianne,Adnett,1806490714,2,6052536195,Arkansas
Esra,Kempshall,462059928,3,8075711149,California
Peadar,Basill,3381640690,1,8634384896,Minnesota
Claire,Creese,7971870221,1,1180025644,Louisiana
Rachelle,Mandeville,7609007145,2,4567081846,New York
Shandeigh,Justis,6108062568,1,1646069854,Florida
Garvy,Caskie,3663522016,2,7691257163,South Carolina
Avigdor,Kemmish,958788790,4,9635723849,Pennsylvania
Worth,Sandry,1405464216,1,6068584305,Nebraska
Sheelah,Rilings,830529306,4,9226787166,Florida
Gratiana,Sissel,1251050409,1,794178553,Colorado
Malissia,Seamer,4950142836,1,2789568685,Florida
Selia,Sigg,4523742669,1,9439762144,Texas
Bradan,Izkovici,3834774847,3,1568215851,Texas
Celisse,Scirman,824586662,3,9091221674,Minnesota
Etan,Hyland,526913258,1,2947218620,New Mexico
Gilli,Walding,7471463562,2,2980183504,Florida
Rodd,Davidovsky,1818491036,2,5951486432,Michigan
Gardener,Calwell,6860085258,1,8990069483,New York
Dionisio,Westrope,1093731524,2,6278797941,New Hampshire
Lonnard,Dyott,862940052,4,5067088575,New York
Allie,Folomkin,8555568102,4,4036534068,Massachusetts
Paton,Rolland,948682736,2,8897929281,Connecticut
Valli,Orpyne,3771577454,1,5268671138,Ohio
Bendicty,Elph,7918842561,3,7109405397,Alabama
Barron,McGlaud,4177460265,1,7932486874,Georgia
Hillary,Newbatt,7569537459,4,8290483929,California
Cornelia,Wellan,8512621583,2,4629023313,Arizona
Wolfie,Ridsdell,5231060240,1,6829405424,Florida
Abby,Frankum,7960818509,2,4685007069,Colorado
Vincenty,Bretelle,791577562,3,2848169834,Utah
Genvieve,Foard,8869721558,4,6567695552,Mississippi
Lillis,Fifoot,8385268340,1,7123852966,Ohio
Selma,Burree,1844960773,4,6952450343,Kansas
Nettle,Austick,4530456307,1,7515960175,Pennsylvania
Nickie,Fodden,3629989799,1,3150102928,Florida
Guendolen,Keppel,7981573726,4,1870282906,Pennsylvania
Alistair,Scuffham,8498911923,1,6162337189,California
Maurice,Mewitt,7656582320,1,1970950609,North Carolina
Evangelin,Tabram,9741328257,3,3455398650,Nebraska
Matty,De Cleen,6014980881,4,8778123895,California
Theodoric,Niblock,9188380149,3,5169348665,Florida
Winni,Ellgood,8007686649,4,6867137342,Florida
Gabrielle,Mainds,3929859572,3,613867114,New York
Briggs,Wolvey,8265599838,1,9752940412,Colorado
Velvet,Fife,1053648774,1,783601670,California
Kile,Dowbekin,8107776704,4,2780370270,California
Obadiah,Bruneau,7158128954,4,1684939380,California
Ingrid,Lemme,4069590668,1,8725990969,New York
Tulley,Sommersett,9183082328,2,1753131227,North Carolina
Dori,McGarrie,4956674392,2,1233605054,Illinois
Nataniel,Mattiello,9223631424,4,3671891815,North Carolina
Gaven,Halahan,1646322290,4,5871654428,North Carolina
Pen,Eliasson,670299812,2,8689657304,New York
Magda,Morphey,3518625314,3,3926551178,South Carolina
Glenn,Firman,2163371344,4,1264841477,Alabama
Millard,Karolewski,1465296204,2,3963831863,Ohio
Pierson,Barnby,5423893771,1,6351985994,Texas
Roseanna,Bounds,5496062454,3,4223389416,Georgia
Billie,Mebes,2041367849,4,8227844553,California
Luca,Maraga,1947542826,3,7080062586,Mississippi
Sargent,Morpeth,3782295005,2,544564650,Texas
Ashbey,Dixie,117130125,4,4565459019,Massachusetts
Dorothea,Hancell,8787323222,4,4816030239,Michigan
Leandra,Spragg,4555845374,2,4918378293,Oklahoma
Prentiss,Baglow,9982684302,2,431857482,California
Oralia,Nutty,6183009741,2,2076107428,Nebraska
Donall,Brent,8161444021,4,2204122920,Michigan
Marlowe,Thurlow,4058287551,4,4544411084,Michigan
Alisander,Ketton,9667787656,2,2461855102,California
Heall,Davidman,990621596,4,1135912335,South Carolina
Diannne,Hutcheson,6217317486,3,6561232771,Indiana
Simonette,Mustin,2425086641,2,6042093177,New Mexico
Silvanus,Prinett,5995221418,2,9788416756,Nebraska
Binnie,Gonoude,6549733979,4,166619027,Georgia
Bertina,Damiata,1547077255,2,9475307192,Texas
Belicia,Leaming,2835752110,2,9682505348,California
Kassandra,Prydie,3757405692,4,6802559420,California
Millard,Depper,8694839865,4,8150145974,Missouri
Rollins,Leere,1294760483,4,4522526067,Wisconsin
Britte,Saphir,3302041012,2,6848724912,Louisiana
Debor,Szymanek,8410353806,3,4864017638,District of Columbia
Bastian,Maseyk,1455635766,1,8422834707,Illinois
Lamont,McLaughlin,5385015180,2,3015610015,Pennsylvania
Martin,Oosthout de Vree,9243805142,4,259835366,Pennsylvania
Noni,Burbridge,3627155858,1,9004899081,Louisiana
Roldan,Penrice,2125124106,4,5453014059,Alabama
Shaw,Sellwood,9452765062,3,2244936333,Alabama
Constantina,Pinilla,4903190315,1,6249215506,Nevada
Lyn,Revel,7259003456,3,1779119127,Florida
Matthieu,Vinker,405195583,1,5975957567,Illinois
Zane,Syers,3544961938,2,2910336336,Illinois
Clevie,Greener,5720362037,2,9284369940,Georgia
Orsola,Pettigrew,9903800924,4,4525067187,Oregon
Chucho,Priden,7801426983,2,8568392105,Indiana
Hussein,Grinsdale,8551888455,2,3927890960,Florida
Darnall,Wiltsher,2383569216,3,1243865792,California
Carilyn,Naismith,4859960122,4,1116867028,New York
Keefer,Meeny,7709183514,1,5944794127,Texas
Brooke,Haversham,8474876133,4,8760325631,Tennessee
Ewell,Knibb,7219107587,2,2060889502,North Dakota
Urson,Niemetz,9118657486,3,5799122372,California
Marybelle,Flute,5520431329,2,5336416541,Texas
Wynny,Mottini,8394009638,2,5552371534,Washington
Fernando,Lober,6869167818,4,2421210380,Washington
Harwell,Blaydon,4161331258,1,5500409573,Texas
Paul,Mitie,5509246553,1,893748226,California
Jerrine,McCallum,8942017339,2,9319126739,Texas
Paddy,Ladd,3564661662,3,998847410,Illinois
Kahaleel,Tomaskunas,9393639671,3,3077736330,Florida
Ara,Chatan,661191990,4,7787342684,Ohio
Georgia,Cossom,7476631595,3,4402308895,Connecticut
Odessa,McGurn,2269973291,4,6855342329,Virginia
Nelli,Andryushchenko,7270302138,2,6147289411,Minnesota
Estel,Dugald,1532269196,3,6434548699,Louisiana
Hasheem,Braim,6402192325,1,7907239311,Alabama
Shel,Broderick,4369994136,3,7868402792,District of Columbia
Stirling,Limpricht,8531691966,3,6354085897,California
Nanice,Trippett,9931368217,2,7071728585,California
Adah,Fader,4118929007,4,3185443462,Arizona
Stacy,Ferne,69913587,4,917989147,South Carolina
Chrystel,Burnsides,2551210275,4,1653150866,Georgia
Maxi,Yelden,4423682702,4,9914792634,Michigan
Ingaborg,Hove,3803925045,4,9390314518,Georgia
Starla,Message,3623079111,3,7311452716,Florida
Kelci,Bickmore,625518985,2,1522894217,Kansas
Otes,Helliker,3979333094,4,9232605716,Florida
Bibby,Horstead,2202272097,3,7109481727,California
Stacy,Douthwaite,7163737645,1,3167374373,California
Wallis,Guswell,7077580164,2,9637508147,Missouri
Kiele,Shoosmith,9722818198,2,2631050568,Tennessee
Talia,Eilert,2053989475,4,3605953425,Texas
Anselma,Crauford,6135805908,4,8897725171,New York
Corie,MacGillespie,2906876488,2,5445582671,Texas
Dee,Tree,3759929575,4,2320214879,Virginia
Camella,Greneham,8185041539,1,5451848556,Texas
Inga,Massenhove,8217971765,1,7162687644,District of Columbia
Grenville,Anthonsen,3694461035,4,3869893982,California
Pepi,Corbet,1262353238,3,9349559722,Kansas
Georges,Frewer,9603613541,4,7813470486,South Carolina
Bernardina,Vivash,9295321537,3,4219574204,North Carolina
Rubi,Spilsbury,1525917943,2,4804034110,California
Melloney,Marjanovic,1082031097,3,5948415686,Pennsylvania
Maddi,Golley,2055981242,4,9941641218,Connecticut
Ami,Duff,3561382584,1,856702293,Virginia
Aubry,Housbie,7438031977,4,1117816303,California
Caldwell,Tulley,7153429344,4,318545306,Oregon
Ezechiel,Thorlby,3842997167,1,1401364373,Alaska
Dunc,Courtier,2849896667,4,6240567892,California
Mirella,Mattiuzzi,5793201033,1,7385542328,Georgia
Christyna,Wantling,7887631432,3,5210085775,Oklahoma
Leia,Laughnan,3460998377,1,796122474,Alabama
Elva,Davydenko,4932156820,3,7204143019,Indiana
Layne,Gorgl,1508686912,2,6135082035,Georgia
Hazel,Kaspar,5409154711,2,8344419271,Florida
Susann,Belding,1111533261,4,1002745241,Florida
Nancey,Makey,2110856238,2,5122753385,Colorado
Shane,Grayley,2342434154,1,3023167052,District of Columbia
Yvette,Rosenschein,5407595494,1,8574013897,District of Columbia
Barth,Simpkins,8591626028,3,5851768746,Pennsylvania
Anya,Stannah,3995635474,4,7467611218,Texas
Gerty,Heak,8711024593,3,7115964955,Texas
Nora,Bendtsen,765565471,4,5615401583,Louisiana
Flss,Lockitt,6493829372,1,6453571285,Texas
Irv,Otto,2067375563,3,914306413,Nevada
Ferdie,Easby,1111031851,1,9990451621,New York
Ara,Drysdale,1806164809,3,7556186962,California
Monique,Jeremiah,3854171501,4,3169597485,Washington
Elvira,Fairfull,9687907916,4,7519507513,North Carolina
Rozella,Tipperton,3575934681,1,3240934965,Kansas
Lyssa,Jenman,4681614815,2,2623526605,New York
Leonid,Osipov,3553502509,3,2717219943,New York
Vina,Heggs,5513562146,3,5888242810,Florida
Helga,Chatburn,1987715950,1,9602273186,Indiana
Allen,Dowber,5773387638,1,7512751788,Louisiana
Gunther,Haley,3425500163,4,8597260815,Texas
Ragnar,Milbourne,9659061544,1,4492555293,Oklahoma
Donnie,Harkess,6337339479,3,4012221426,Alabama
Laverna,Kik,3658027851,1,3729490494,New York
Kattie,Lavrick,9123741384,3,8283670174,District of Columbia
Trenna,Beecker,4002398021,2,388806206,Washington
Cathie,Caville,4512401792,4,4067366892,New York
Ashley,Comolli,9668003535,1,2762256909,California
Vivyanne,Lindeberg,4226946162,2,7056146295,Virginia
Pollyanna,Chelnam,3529397776,3,5211412699,District of Columbia
Pammi,Golder,6949338333,4,5716089518,Nebraska
Cacilie,Hannigane,7455540353,1,5476672028,North Carolina
Sibelle,Titherington,2554541922,2,8114254408,Florida
Colin,Grout,4968405162,3,8884146178,Tennessee
Sheelah,Jarret,2033489914,2,6804510615,Texas
Ainsley,Tindle,8069178558,2,4036135015,Florida
Rozanne,Lerwill,2646138962,3,8180877892,Virginia
Bard,Lorent,7604166377,2,8912363263,California
Tiena,Drinan,5957091316,2,7101594557,California
Zsazsa,Shreeve,4506208722,1,7517127667,Florida
Coleen,Domesday,5602718621,3,8780612741,Texas
Adam,Stampe,1511695056,3,6173483270,California
Isadora,Fromant,2753823898,2,3786551278,California
Otto,Graben,7077621995,1,9868962250,California
Pauline,Clayfield,1003407536,2,6868560001,Utah
Theressa,Edden,6079306077,4,2626072982,Florida
Fitz,Dignon,4858516512,2,3826991575,Massachusetts
Jerad,Chilley,8103680788,3,3566233781,Ohio
Salim,Terry,5025896932,3,3947886020,California
Myrtle,Rubery,6379634819,3,7048943505,Florida
Brucie,Rillatt,97759015,3,4997269492,Alabama
Hyacinth,Simeoni,6875050331,3,1654222356,Wisconsin
Katrine,Kingaby,7108734540,1,5586818760,Minnesota
Kelley,Cheng,7974365544,1,4854900539,Colorado
Ann,Daveren,4589869047,2,4227275008,Florida
Ainslee,Euston,5599429822,3,1078616280,Texas
Patrizius,Selborne,6159704109,2,8111059515,Alabama
Mable,Moxham,8977053625,4,2565990839,California
Durward,Morewood,9894284922,2,4866985232,Wisconsin
Morley,Bromage,8385848940,4,8949264978,North Carolina
Ashby,de Guerre,1057152714,2,4620411035,Texas
Claire,Klaessen,993011284,3,812998332,Texas
Colan,Darwin,2559784378,2,3380591637,Indiana
Beverly,Hebson,601377974,3,5160102957,Florida
Leland,Dall,1030783268,2,2643451686,Texas
Fraser,Clemits,4259726331,2,8562214620,Idaho
Brewster,Fears,8782182469,4,9900859227,Florida
Neil,Chesterman,1533299552,2,9174570617,Ohio
Evaleen,McGuiney,3969632188,4,6193399038,Kentucky
Ephrayim,Lancett,3992986683,2,738080543,Indiana
Sidnee,Greggor,7921148115,1,3408223734,Texas
Bartolomeo,Faltin,5916901895,4,773851844,Pennsylvania
Oliviero,Ashbridge,7615372763,1,9363860922,Texas
Micheil,Baldree,8513542865,4,9643971619,Virginia
Desi,Donnersberg,9126368994,3,453217567,Louisiana
Georgina,Rawll,2086486545,2,8824725562,Texas
Dalila,Bacon,8670067897,2,5973740668,New Mexico
Jacklin,Willox,7277017757,1,5652259043,Florida
Annalee,Lackeye,5917786690,3,3969625041,California
Agnese,Dani,6045821696,1,9006107158,Missouri
Aloisia,Deeman,5934949721,3,8895410750,Alabama
Zondra,Walkden,1502115794,3,1304693384,California
De,Hallatt,8363426199,2,8001897370,Ohio
Roley,Everiss,7252617203,3,5397939544,Colorado
Crystal,MacInerney,5684287735,2,8707037201,Michigan
Rolfe,Mallion,6016188204,1,4350033815,Texas
Emanuel,Wrate,1727731581,4,8802179344,Florida
Tomasina,Lautie,4534739842,4,1275412211,Texas
Coral,Aspenlon,2589688628,3,7215076873,Iowa
Yale,Boundley,3284142274,4,7781777115,Florida
Wilmette,Crosetti,9004115188,4,3256107761,Indiana
Antonius,Earry,3906242439,3,2365288987,Pennsylvania
Christabella,Bettam,7506143372,2,1518138551,Minnesota
Tadio,St. Pierre,1620563703,4,1526707004,District of Columbia
Elwood,Scemp,554347199,3,22236465,Oklahoma
Derrek,Gravestone,4889378944,2,1984581090,New Jersey
Mendel,Breedy,3940603023,1,833836005,Wisconsin
Manda,Fennell,5213977359,4,5430997404,Florida
Osgood,Darley,5580345240,2,8765564952,Ohio
Gloriane,Beddows,6235967624,2,9044396544,California
Philly,Monk,7802815584,1,308826043,New York
Thorn,Hoggins,5111567518,2,535138237,Virginia
Ian,Rodenburgh,7444178259,4,5959091984,Texas
Irvine,Bault,1369312962,3,2318960275,Pennsylvania
Candide,MacNeillie,1126641928,2,1462126642,Michigan
Mark,Ogglebie,6562332044,3,2062654790,Alaska
Abram,Leah,1172662274,2,8513291609,Texas
Blisse,Riby,3973014531,4,304985384,California
Roarke,Duell,9490332496,1,9387360717,Missouri
Brandise,Byass,7216194888,4,4577367432,California
Alfy,Christaeas,9706956816,2,2708263986,Minnesota
Doria,Barrie,3561259944,3,7147980190,Pennsylvania
Cecilla,Blazy,2926811322,3,6490365545,Florida
Beatrice,Ambrosini,7803522793,3,4543132750,Florida
Angel,Gregs,422108030,3,4451371678,Texas
Victoria,Bradie,8284470535,4,48866962,Pennsylvania
Tucky,Devigne,2229025805,2,3421921296,Illinois
Skyler,Merring,1471648974,3,6552641621,Georgia
Kata,Targett,779052226,2,2960218922,Illinois
Klara,Collymore,8124606242,1,6384827727,Massachusetts
Darda,Harkin,6402114472,2,8523761322,Ohio
Shurlock,Dulwich,5865132466,3,3737158371,New York
Carolee,Remington,2796636526,2,5167143683,Colorado
Marlin,Paumier,8332493420,3,2856850146,District of Columbia
Marcos,Rosi,620832355,1,6553084823,District of Columbia
Lowrance,Cowterd,1959821946,1,366616692,Oklahoma
Susanne,Clericoates,9935385779,4,5630719181,New York
Leonidas,Schorah,8827829016,1,7183852598,Indiana
Austin,Hexum,2760321452,4,3086706414,Pennsylvania
Melosa,Bracegirdle,9903159080,3,9353396476,Washington
Lurline,McConnel,3783961440,2,2697766774,New Mexico
Remington,Ram,7124063221,1,3813728749,Texas
Malissa,Exton,2598151739,4,4411229978,California
Merry,Aleshintsev,9263966761,3,6618766591,Illinois
Shurwood,Tumioto,2472571151,3,9876684876,Texas
Natty,Macallam,3570667944,2,602495733,Indiana
Kayley,Torrans,680733639,3,9485681852,California
Estrella,Ollin,5589792460,2,1519351372,Ohio
Meris,Rosewell,4905195217,3,5940763413,Maryland
Reider,Scintsbury,2358034916,2,4001377284,Washington
Grannie,Pettyfar,6251323078,4,5313832441,Virginia
Rona,Gollop,8510921903,4,1797019511,California
Adina,Crepin,3593605449,3,3084881464,Pennsylvania
Jaymee,Batchellor,1982541040,2,8362490160,North Carolina
Carolus,Simonazzi,546869998,4,857986716,West Virginia
Joy,Dillamore,3405342082,4,3743742780,Colorado
Vivyanne,Blundel,96745878,4,1628262966,District of Columbia
Marcia,Comiskey,5504165210,1,4780830745,Oklahoma
Louis,Briant,2639675184,3,6270025575,California
Fionna,Harsnipe,4208903597,3,1668003228,California
Rosanne,O'Shaughnessy,8748334804,4,5687238557,Illinois
Torrance,Bonsul,4292000034,3,2424889341,Colorado
Mendy,Woolway,9439159642,2,6301027981,Pennsylvania
Aveline,Helliker,8488335555,4,3210651450,California
Lazarus,Rabley,362177554,1,8893069482,Texas
Ferdinanda,Jobke,3946478107,4,8024781476,New York
Bruis,January 1st,9464479841,1,1389068536,Pennsylvania
Cyrille,Wormald,4508526284,2,3135067459,Oregon
Trude,Arp,6811016736,2,8542099281,Texas
Federico,Axtonne,4543117123,2,4538265489,Texas
Kenn,Pfeffer,8833280462,2,7389054646,California
Dav,Gringley,4351004193,1,8865912464,California
Correy,Gronno,1626791562,1,5174640921,California
Ezri,Matthensen,9446938120,2,9229917451,Washington
Cristen,Chard,1956901108,1,5663810749,California
Doy,Pidgeley,7821545945,3,4068531951,South Carolina
Kort,Speedin,2290824526,4,1303187965,California
Bette,Klimkiewich,2018603353,2,5443682415,Missouri
Jeremie,Chappel,852966652,2,3899070127,Missouri
Mair,Merritt,7577951463,4,9138412691,Wisconsin
Ruprecht,Warlton,1914076826,3,5303974189,California
Carey,Hutchcraft,2906444367,1,9414767592,Iowa
Lyndsey,Knill,6273327203,2,9698483993,Oklahoma
Katuscha,Coules,4380933113,1,3020695260,Virginia
Mady,Paskell,2135539627,4,5413130716,Hawaii
Gelya,Antonio,506011364,3,3837729567,Illinois
Kerrin,Fridlington,4389548050,4,8736592048,California
Halsey,Kermath,8611967046,1,47599014,Delaware
Miner,Boles,2394565896,1,2048301983,Wisconsin
Gilbertina,Piddlehinton,64181596,3,9885617345,Texas
Orelee,Mobley,2909726126,1,4764944332,Texas
Kacie,Scotson,2703110561,4,6713042910,Tennessee
Pippo,Ruddiforth,7945062776,2,6722045676,California
Sunshine,McMurthy,2671724810,4,8706576044,Texas
Joseph,Ibbott,9680155870,2,4533565581,Wisconsin
Lesya,Dimock,983732957,1,382217756,Florida
Damiano,Du Hamel,5437656769,3,3774844658,Illinois
Emelita,Goodluck,64135500,2,9934814080,Indiana
Zabrina,Sussams,1468825232,1,4788948354,Colorado
Sandi,Krug,5450118872,2,2567481591,Texas
Libbie,Bernadon,4189469211,4,171060040,Utah
Lona,Mitford,9507512659,4,1870479378,California
Anatollo,Benford,814794173,1,1323000135,Oregon
Gar,Le Breton De La Vieuville,8401813778,1,4567519779,California
Hamlin,Sloat,5815683116,1,163265259,New York
Prescott,Pawlik,1980445427,2,5337114247,Minnesota
Sheffy,Frensche,9946275368,1,2981101366,Missouri
Gerardo,Cohani,6771347052,4,8407545635,Indiana
Kittie,Stonner,4455654569,4,8295966170,California
Susie,Warby,9602764619,2,5063125972,California
Oralee,Coyett,5737581349,1,3010000820,Ohio
Del,Fury,6308368075,2,4486512456,Pennsylvania
Luce,Surguine,1639655069,1,8098160858,Texas
Willie,Abercromby,9181566158,3,7957960189,Colorado
Emera,Beardmore,924018011,4,2011978033,New York
Zola,Hamsher,2153660459,3,3797220146,Texas
Gerty,Waliszek,4888127751,4,7240383245,Oklahoma
Nicola,Clymer,8366435830,2,3749422648,Washington
Puff,Bwy,7733023947,4,3924467404,Indiana
Jamaal,Munt,6436228942,3,5561174339,District of Columbia
Ansell,Stainer,5907551933,4,2444316800,Maryland
Aristotle,Halgarth,9571028746,1,1627178929,Texas
Kissiah,Slinger,3007752809,3,4690671338,California
Vinson,D'Agostini,9541455344,3,8723042109,Minnesota
Gawen,Faichney,560721684,1,5635540120,Florida
Erena,Bromage,807447404,3,2327481651,Georgia
Tad,Mattaser,2109512814,4,9960374521,District of Columbia
Carney,Gloucester,8934551712,3,5121571143,Texas
Gelya,Greenham,5933784788,4,9515440033,Tennessee
Cos,Nare,185912737,2,9175502313,Texas
Xenia,McGreay,9369877754,3,977921689,Texas
Haze,Sandeland,9286432933,1,4367462501,Oregon
Kathlin,Argo,933518617,4,3522603486,Texas
Merrie,Blamire,9995914379,1,6972257425,California
Cody,Swyre,288241630,2,7961279466,Texas
Caralie,Segebrecht,3259013911,4,7552898534,Kentucky
Heloise,Plum,2241790893,4,7665228097,Texas
Claudell,Flecknoe,3964392138,2,3294139632,California
Hal,Spinige,8334718497,2,7434283076,New Mexico
Larine,Matt,5756580921,3,7644140875,Hawaii
Padriac,Cussen,6111669370,4,6287638052,Hawaii
Shermy,Balling,2499312661,1,3142017518,Ohio
Agathe,Baude,6843177379,1,995701326,Florida
Helene,Stiegars,2524990591,2,1286860245,Idaho
Randi,Libbis,1523783036,1,715088556,Florida
Silvano,Prattington,4697219945,3,2078255947,Tennessee
Genia,Britian,2214522794,4,8364747851,West Virginia
Krystalle,Connett,4396513453,1,3284988424,Indiana
Humfried,Mattholie,3008981607,4,6326475694,Virginia
Heall,Peyzer,39871843,4,3324594804,Florida
Anny,Swaden,4084505501,3,135247519,Texas
Tally,Scanterbury,2238566600,2,2733557718,North Carolina
Nikolaos,Labbet,1921175850,2,4230346964,District of Columbia
Donnajean,Meco,6506882735,2,9131698921,New York
Alexio,MacFadyen,4255052840,2,9902864457,Colorado
Boycey,Pavlasek,4669586637,4,1025922182,California
Nahum,Paddemore,979173647,4,859203727,Wisconsin
Barbee,McCard,3589552840,3,1791912397,Illinois
Murial,Coleborn,8745766894,4,3091634353,New York
Leoine,Unthank,9407762394,3,2282745272,Florida
Willy,Beahan,4889247335,4,2235996019,California
Ynes,Forman,453351948,2,8800297897,Texas
Tamas,Sherebrooke,3890203175,3,7349726511,Maryland
Angelina,Buxton,3968480546,3,6425270187,Georgia
Sheelagh,Sterzaker,8939171241,4,6799509235,California
Madalena,Yates,1672035864,4,3789838039,Iowa
Guglielma,Seint,6298582096,3,5406777602,Tennessee
Duncan,Jannequin,5592075383,2,4717347668,Virginia
Mellie,Rentoul,2666831159,3,7938813974,California
Dorise,Decayette,8261905497,1,2752620705,Utah
Eloisa,Morston,2940051895,1,5771071838,Georgia
Malcolm,Farden,8474724791,4,8755240844,Arizona
Sheff,Yakunikov,1534136266,3,9431334542,Florida
Lea,Wigmore,2531549846,1,1679426885,Michigan
Brig,Kopps,6472680078,3,1650881029,Alabama
Aubrette,Shambrooke,6791081678,2,1081240296,California
Elayne,Sedman,9411845118,1,9087542208,District of Columbia
Fredrick,Kettlesting,1221615688,4,9617762226,Arizona
Erin,Wilstead,2122541466,1,4015909682,South Carolina
Abie,De Haven,3516348232,2,6309816217,Alabama
Suzanna,Pace,1404139877,3,9819354420,New York
Lynea,Roaf,1782374426,2,3117683747,New York
Jedidiah,Georgeou,5385344214,4,9032458108,Florida
Ariana,Piscopiello,9832076269,4,4971539859,California
Pauline,Pearcy,2257700732,2,3308664135,Pennsylvania
Aleksandr,Guiso,3892853274,3,9048734045,Missouri
Sibley,Burbudge,257118950,3,8419702455,Illinois
Addy,Rooper,2968718363,2,5471196775,Texas
Jo-ann,Shepeard,3670521534,4,6481517583,South Carolina
Wayland,O' Mara,3167165235,3,6541524815,Ohio
Aldridge,Willard,4052008766,3,2147011606,Texas
Barrie,Puttan,4457604518,4,4483790498,Texas
Meredithe,Pomery,2767489626,1,6949870779,California
Ignacius,Cayford,7378127248,2,9687051019,Pennsylvania
Garrot,Pinnion,8654989904,4,6663976419,Texas
Jerrilee,Markwell,89874757,3,1971132969,Louisiana
Gil,Mapham,3213698180,4,8005444494,Texas
Beverlee,Valentine,2536813568,4,3836448734,Florida
Vilhelmina,Frizzell,4397681058,2,9740258670,Texas
Andros,Riordan,1482144565,2,5723763598,Texas
Vladamir,MacWilliam,1835398820,4,986083410,Iowa
Claudelle,Grigorey,9583381365,3,3917871505,Pennsylvania
Melissa,Currum,5639958162,3,6233814588,New Mexico
Shurlocke,McCheyne,4434762877,1,1678666742,Texas
Goran,Strotone,2723504123,3,6528311528,New York
Wyatt,Flockhart,1429127864,1,9530810636,Texas
Michaelina,Cossington,2470942411,1,600876837,Florida
Karlotte,Brooks,7343231898,3,2856495346,Florida
Fionna,Lalor,5718313156,1,7407308969,Missouri
Clayson,Hamprecht,1568203624,1,7881747579,Kansas
Alvy,Cattini,6578001204,2,5613268126,Montana
Glenn,Albin,1349756636,3,2074707509,New York
Agace,Absolon,8163458143,3,9692305481,Georgia
Seumas,Hickford,3166787224,4,735679991,Arizona
Muire,Wetherill,904037150,3,7874433130,Georgia
Barty,Chesser,8919137846,4,103680578,Pennsylvania
Michelina,Boatman,3777924377,2,3783479169,Arizona
Javier,Syred,6407773253,1,4665792143,New York
Hewett,Creegan,198093845,1,588629774,Florida
Rutger,Dieton,275527379,2,6519170135,Colorado
Paige,Wharram,2051378185,1,9216414227,Texas
Heath,Wogan,1738847683,3,9487128794,North Carolina
Terri-jo,Daley,7878371040,3,4321642299,Texas
Spencer,Hollyman,6302837286,2,225800829,California
Camella,Killoran,1313602795,3,3858510211,Texas
Jocelin,Skipton,9661516154,1,7673952106,Virginia
Cristobal,Bullock,5604397083,2,7405981526,California
Emilia,Cranage,2773469674,3,9955424656,New York
Rube,Berg,7069700474,4,5865998668,California
Gerri,Kittless,4868655353,4,9393653321,Florida
Kamillah,Strathman,3379045586,1,6697171189,Texas
Domeniga,O' Hanvey,6744686852,4,5938422086,Oklahoma
Adelbert,Chatfield,7975417823,3,9395184639,Mississippi
Randy,Petru,7247302968,1,9644760999,New Hampshire
Kania,Levet,6612861886,4,1256272310,Florida
Abdul,Stanborough,3632014566,3,569820103,Kentucky
Joceline,Cowlas,326390472,1,2575142725,Texas
Derrek,Eyes,4074139294,2,3710389852,District of Columbia
Felike,Rearie,6647006745,4,1831671158,Georgia
Ambrosius,Biskupek,8830484970,2,2670161898,New York
Doro,Huard,5154486617,1,4058665467,California
Sarge,Comizzoli,8282723975,3,9210255771,Montana
Bruno,Gookey,3936963584,4,6455490339,Pennsylvania
Abie,Wellstood,9898853964,4,7079351944,Illinois
Marsha,Flewitt,9369098577,4,4042976263,North Carolina
Boote,Siggery,3296770399,4,360144810,Indiana
Erskine,Learmouth,3263248642,3,4547105146,Florida
Ryann,Prendergrast,7332538148,1,4106400324,Texas
Jeri,Silman,170884228,4,847307212,Hawaii
Clemmy,Prickett,5034291010,4,9736454940,California
Linnet,Boole,8045826878,3,8774421891,California
Penrod,Degg,2900450217,2,7043373107,Florida
Caitlin,Vassano,4169560795,4,7474705230,Missouri
Vergil,Vasin,5093019216,1,973917725,Ohio
Minne,Macellar,3103411405,3,2209215668,Ohio
Albertine,Skarr,5683453429,3,9164660451,California
Gina,Harrison,8316380765,1,3214995170,Michigan
Abram,Caldero,2364515831,2,371791456,Minnesota
Ailey,McAless,7452610571,1,5027278470,Kentucky
Graeme,Dales,4801024939,4,2502842360,California
Mortimer,Keyworth,6651580426,4,8365715031,Texas
Ross,Kenningham,4709423954,1,7208431329,Alabama
Bay,Greenhowe,9091702672,3,5633305531,California
Lyndell,Cassy,8193821742,4,5796964585,Michigan
Kathe,Brakespear,7169236826,1,5573457101,Oklahoma
Judi,Seys,9078155523,4,7947833869,Nevada
Flynn,Bloys,3062647647,4,824891260,North Carolina
Dion,Culbert,5646927706,2,7266419891,Arizona
Christopher,Blanning,10836659,3,1787735222,Texas
Quintin,Eagleton,837270472,2,6303928234,Indiana
Winifred,Larciere,6740168911,4,4600867904,Maryland
Cris,Kubacek,760530009,3,1309461643,Texas
Nehemiah,Offa,6975720398,4,1974193497,Texas
Gwendolyn,Charters,7646660205,1,1071166514,Oklahoma
Teador,Vittel,9523377396,3,7703645222,California
Lilyan,Winyard,8887186227,1,8443368233,Indiana
Leigh,Augur,3649386453,4,1961110628,Louisiana
Theresita,Gillean,7966302334,3,459251708,Indiana
Lennie,Boerder,7180370452,1,8518923190,Michigan
Davey,Drydale,9748476820,1,5185792574,California
Kelsey,Scrymgeour,8374478802,3,8478235043,Hawaii
Sauncho,Overshott,6777339841,4,3474535048,Indiana
